# feature,class,assembly,assembly_unit,seq_type,chromosome,genomic_accession,start,end,strand,product_accession,non-redundant_refseq,related_accession,name,symbol,GeneID,locus_tag,feature_interval_length,product_length,attributes,photo_category
CDS,with_protein,GCF_043357095.1,Primary Assembly,unplaced scaffold,,NZ_JBFBPI010000001.1,169,777,+,WP_054017739.1,WP_054017739.1,,Crp/Fnr family transcriptional regulator,,,ABXN37_RS00005,609,202.0,,regulatory_II
CDS,with_protein,GCF_043357095.1,Primary Assembly,unplaced scaffold,,NZ_JBFBPI010000001.1,63106,63768,+,WP_054017792.1,WP_054017792.1,,Crp/Fnr family transcriptional regulator,,,ABXN37_RS00345,663,220.0,,regulatory_II
CDS,with_protein,GCF_043357095.1,Primary Assembly,unplaced scaffold,,NZ_JBFBPI010000001.1,150149,150880,-,WP_197284507.1,WP_197284507.1,,fumarate/nitrate reduction transcriptional regulator Fnr,fnr,,ABXN37_RS00810,732,243.0,,regulatory_II
CDS,with_protein,GCF_043357095.1,Primary Assembly,unplaced scaffold,,NZ_JBFBPI010000017.1,51585,52409,-,WP_082368078.1,WP_082368078.1,,Crp/Fnr family transcriptional regulator,,,ABXN37_RS08745,825,274.0,,regulatory_II
CDS,with_protein,GCF_043357095.1,Primary Assembly,unplaced scaffold,,NZ_JBFBPI010000003.1,6814,7539,-,WP_054018046.1,WP_054018046.1,,Crp/Fnr family transcriptional regulator,,,ABXN37_RS01690,726,241.0,,regulatory_II
CDS,with_protein,GCF_043357095.1,Primary Assembly,unplaced scaffold,,NZ_JBFBPI010000036.1,84638,85366,-,WP_054020512.1,WP_054020512.1,,Crp/Fnr family transcriptional regulator,,,ABXN37_RS15345,729,242.0,,regulatory_II
CDS,without_protein,GCF_043357095.1,Primary Assembly,unplaced scaffold,,NZ_JBFBPI010000039.1,35642,36550,-,,,,oxygen-dependent coproporphyrinogen oxidase,hemF,,ABXN37_RS16770,909,,partial;pseudo,regulatory_II
CDS,with_protein,GCF_043357095.1,Primary Assembly,unplaced scaffold,,NZ_JBFBPI010000043.1,29472,30086,-,WP_054021109.1,WP_054021109.1,,Crp/Fnr family transcriptional regulator,,,ABXN37_RS18635,615,204.0,,regulatory_II
CDS,with_protein,GCF_043357095.1,Primary Assembly,unplaced scaffold,,NZ_JBFBPI010000067.1,7085,7594,-,WP_054022038.1,WP_054022038.1,,TspO/MBR family protein,,,ABXN37_RS23720,510,169.0,,regulatory_II
CDS,without_protein,GCF_043357095.1,Primary Assembly,unplaced scaffold,,NZ_JBFBPI010000007.1,105666,106022,+,,,,TspO/MBR family protein,,,ABXN37_RS04430,357,,partial;pseudo,regulatory_II
CDS,with_protein,GCF_043357095.1,Primary Assembly,unplaced scaffold,,NZ_JBFBPI010000007.1,242313,243035,+,WP_054018642.1,WP_054018642.1,,Crp/Fnr family transcriptional regulator,,,ABXN37_RS05170,723,240.0,,regulatory_II
CDS,with_protein,GCF_043357095.1,Primary Assembly,unplaced scaffold,,NZ_JBFBPI010000079.1,4789,5460,-,WP_054022405.1,WP_054022405.1,,Crp/Fnr family transcriptional regulator,,,ABXN37_RS25760,672,223.0,,regulatory_II
CDS,with_protein,GCF_043357095.1,Primary Assembly,unplaced scaffold,,NZ_JBFBPI010000008.1,36826,37536,+,WP_054018712.1,WP_054018712.1,,Crp/Fnr family transcriptional regulator,,,ABXN37_RS05410,711,236.0,,regulatory_II
CDS,with_protein,GCF_043357095.1,Primary Assembly,unplaced scaffold,,NZ_JBFBPI010000001.1,10921,11814,-,WP_054017749.1,WP_054017749.1,,glucose-1-phosphate thymidylyltransferase RfbA,rfbA,,ABXN37_RS00085,894,297.0,,carbon_fixation_and_CBB_associated_I
CDS,with_protein,GCF_043357095.1,Primary Assembly,unplaced scaffold,,NZ_JBFBPI010000101.1,3905,4318,-,WP_393940241.1,WP_393940241.1,,FG-GAP repeat domain-containing protein,,,ABXN37_RS27765,414,137.0,,carbon_fixation_and_CBB_associated_I
CDS,without_protein,GCF_043357095.1,Primary Assembly,unplaced scaffold,,NZ_JBFBPI010000101.1,4975,5349,-,,,,FG-GAP repeat domain-containing protein,,,ABXN37_RS27775,375,,partial;pseudo,carbon_fixation_and_CBB_associated_I
CDS,with_protein,GCF_043357095.1,Primary Assembly,unplaced scaffold,,NZ_JBFBPI010000013.1,87873,89795,+,WP_054019166.1,WP_054019166.1,,PrkA family serine protein kinase,,,ABXN37_RS07935,1923,640.0,,carbon_fixation_and_CBB_associated_I
CDS,with_protein,GCF_043357095.1,Primary Assembly,unplaced scaffold,,NZ_JBFBPI010000024.1,53636,54391,+,WP_054019620.1,WP_054019620.1,,triose-phosphate isomerase,tpiA,,ABXN37_RS10440,756,251.0,,carbon_fixation_and_CBB_associated_I
CDS,without_protein,GCF_043357095.1,Primary Assembly,unplaced scaffold,,NZ_JBFBPI010000025.1,11867,12925,-,,,,FG-GAP repeat domain-containing protein,,,ABXN37_RS10660,1059,,partial;pseudo,carbon_fixation_and_CBB_associated_I
CDS,without_protein,GCF_043357095.1,Primary Assembly,unplaced scaffold,,NZ_JBFBPI010000030.1,34148,35291,+,,,,acyclic terpene utilization AtuA family protein,,,ABXN37_RS12195,1144,,partial;pseudo,carbon_fixation_and_CBB_associated_I
CDS,with_protein,GCF_043357095.1,Primary Assembly,unplaced scaffold,,NZ_JBFBPI010000033.1,47515,48243,+,WP_054020274.1,WP_054020274.1,,ribulose-phosphate 3-epimerase,rpe,,ABXN37_RS14050,729,242.0,,carbon_fixation_and_CBB_associated_I
CDS,with_protein,GCF_043357095.1,Primary Assembly,unplaced scaffold,,NZ_JBFBPI010000039.1,67649,68686,-,WP_054020806.1,WP_054020806.1,,class II fructose-bisphosphate aldolase,fba,,ABXN37_RS16970,1038,345.0,,carbon_fixation_and_CBB_associated_I
CDS,without_protein,GCF_043357095.1,Primary Assembly,unplaced scaffold,,NZ_JBFBPI010000039.1,69491,71471,-,,,,transketolase family protein,,,ABXN37_RS16980,1981,,pseudo,carbon_fixation_and_CBB_associated_I
CDS,with_protein,GCF_043357095.1,Primary Assembly,unplaced scaffold,,NZ_JBFBPI010000039.1,71598,72482,-,WP_054020809.1,WP_054020809.1,,phosphoribulokinase,,,ABXN37_RS16985,885,294.0,,carbon_fixation_and_CBB_associated_I
CDS,with_protein,GCF_043357095.1,Primary Assembly,unplaced scaffold,,NZ_JBFBPI010000039.1,72490,73578,-,WP_054020810.1,WP_054020810.1,,class 1 fructose-bisphosphatase,,,ABXN37_RS16990,1089,362.0,,carbon_fixation_and_CBB_associated_I
CDS,with_protein,GCF_043357095.1,Primary Assembly,unplaced scaffold,,NZ_JBFBPI010000039.1,73657,75258,-,WP_393938708.1,WP_393938708.1,,CbbX protein,cbbX,,ABXN37_RS16995,1602,533.0,,carbon_fixation_and_CBB_associated_I
CDS,with_protein,GCF_043357095.1,Primary Assembly,unplaced scaffold,,NZ_JBFBPI010000039.1,75338,75772,-,WP_054020812.1,WP_054020812.1,,ribulose bisphosphate carboxylase small subunit,,,ABXN37_RS17000,435,144.0,,carbon_fixation_and_CBB_associated_I
CDS,with_protein,GCF_043357095.1,Primary Assembly,unplaced scaffold,,NZ_JBFBPI010000039.1,75813,77282,-,WP_054020813.1,WP_054020813.1,,form I ribulose bisphosphate carboxylase large subunit,,,ABXN37_RS17005,1470,489.0,,carbon_fixation_and_CBB_associated_I
CDS,with_protein,GCF_043357095.1,Primary Assembly,unplaced scaffold,,NZ_JBFBPI010000041.1,16170,16802,+,WP_393938804.1,WP_393938804.1,,ribose-5-phosphate isomerase RpiA,rpiA,,ABXN37_RS17895,633,210.0,,carbon_fixation_and_CBB_associated_I
CDS,with_protein,GCF_043357095.1,Primary Assembly,unplaced scaffold,,NZ_JBFBPI010000042.1,60252,61271,+,WP_054021069.1,WP_054021069.1,,class 1 fructose-bisphosphatase,,,ABXN37_RS18420,1020,339.0,,carbon_fixation_and_CBB_associated_I
CDS,with_protein,GCF_043357095.1,Primary Assembly,unplaced scaffold,,NZ_JBFBPI010000047.1,28081,28509,-,WP_393939101.1,WP_393939101.1,,transketolase C-terminal domain-containing protein,,,ABXN37_RS20260,429,142.0,,carbon_fixation_and_CBB_associated_I
CDS,without_protein,GCF_043357095.1,Primary Assembly,unplaced scaffold,,NZ_JBFBPI010000047.1,28556,29029,-,,,,transketolase family protein,,,ABXN37_RS20265,474,,partial;pseudo,carbon_fixation_and_CBB_associated_I
CDS,with_protein,GCF_043357095.1,Primary Assembly,unplaced scaffold,,NZ_JBFBPI010000047.1,29026,29880,-,WP_393939077.1,WP_393939077.1,,transketolase,,,ABXN37_RS20270,855,284.0,,carbon_fixation_and_CBB_associated_I
CDS,with_protein,GCF_043357095.1,Primary Assembly,unplaced scaffold,,NZ_JBFBPI010000058.1,16909,17976,-,WP_054021677.1,WP_054021677.1,,class II fructose-bisphosphate aldolase,fba,,ABXN37_RS21720,1068,355.0,,carbon_fixation_and_CBB_associated_I
CDS,with_protein,GCF_043357095.1,Primary Assembly,unplaced scaffold,,NZ_JBFBPI010000058.1,21092,22285,-,WP_054021680.1,WP_054021680.1,,phosphoglycerate kinase,,,ABXN37_RS21735,1194,397.0,,carbon_fixation_and_CBB_associated_I
CDS,with_protein,GCF_043357095.1,Primary Assembly,unplaced scaffold,,NZ_JBFBPI010000006.1,124452,125522,+,WP_054018293.1,WP_054018293.1,,type II glyceraldehyde-3-phosphate dehydrogenase,,,ABXN37_RS03140,1071,356.0,,carbon_fixation_and_CBB_associated_I
CDS,with_protein,GCF_043357095.1,Primary Assembly,unplaced scaffold,,NZ_JBFBPI010000007.1,172353,173351,-,WP_054018588.1,WP_054018588.1,,type I glyceraldehyde-3-phosphate dehydrogenase,gap,,ABXN37_RS04830,999,332.0,,carbon_fixation_and_CBB_associated_I
CDS,with_protein,GCF_043357095.1,Primary Assembly,unplaced scaffold,,NZ_JBFBPI010000007.1,173872,175917,-,WP_393937263.1,WP_393937263.1,,transketolase,tkt,,ABXN37_RS04840,2046,681.0,,carbon_fixation_and_CBB_associated_I
CDS,with_protein,GCF_043357095.1,Primary Assembly,unplaced scaffold,,NZ_JBFBPI010000008.1,62323,62871,+,WP_054018731.1,WP_054018731.1,,nucleotide exchange factor GrpE,grpE,,ABXN37_RS05535,549,182.0,,carbon_fixation_and_CBB_associated_I
CDS,with_protein,GCF_043357095.1,Primary Assembly,unplaced scaffold,,NZ_JBFBPI010000001.1,40078,40491,+,WP_054017775.1,WP_054017775.1,,Rieske 2Fe-2S domain-containing protein,,,ABXN37_RS00235,414,137.0,,electron_transport_I
CDS,with_protein,GCF_043357095.1,Primary Assembly,unplaced scaffold,,NZ_JBFBPI010000001.1,78914,79933,+,WP_054017805.1,WP_054017805.1,,quinone oxidoreductase,,,ABXN37_RS00420,1020,339.0,,electron_transport_I
CDS,with_protein,GCF_043357095.1,Primary Assembly,unplaced scaffold,,NZ_JBFBPI010000001.1,95346,96056,+,WP_054017818.1,WP_054017818.1,,bifunctional 2-polyprenyl-6-hydroxyphenol methylase/3-demethylubiquinol 3-O-methyltransferase UbiG,ubiG,,ABXN37_RS00495,711,236.0,,electron_transport_I
CDS,with_protein,GCF_043357095.1,Primary Assembly,unplaced scaffold,,NZ_JBFBPI010000001.1,137757,137966,+,WP_082367691.1,WP_082367691.1,,cbb3-type cytochrome oxidase assembly protein CcoS,ccoS,,ABXN37_RS00735,210,69.0,,electron_transport_I
CDS,with_protein,GCF_043357095.1,Primary Assembly,unplaced scaffold,,NZ_JBFBPI010000001.1,138004,139458,+,WP_054017851.1,WP_054017851.1,,"cytochrome-c oxidase, cbb3-type subunit I",ccoN,,ABXN37_RS00740,1455,484.0,,electron_transport_I
CDS,with_protein,GCF_043357095.1,Primary Assembly,unplaced scaffold,,NZ_JBFBPI010000001.1,139477,140112,+,WP_054017852.1,WP_054017852.1,,"cytochrome-c oxidase, cbb3-type subunit II",ccoO,,ABXN37_RS00745,636,211.0,,electron_transport_I
CDS,with_protein,GCF_043357095.1,Primary Assembly,unplaced scaffold,,NZ_JBFBPI010000001.1,140123,140296,+,WP_054017853.1,WP_054017853.1,,CcoQ/FixQ family Cbb3-type cytochrome c oxidase assembly chaperone,,,ABXN37_RS00750,174,57.0,,electron_transport_I
CDS,with_protein,GCF_043357095.1,Primary Assembly,unplaced scaffold,,NZ_JBFBPI010000001.1,140293,141207,+,WP_054017854.1,WP_054017854.1,,"cytochrome-c oxidase, cbb3-type subunit III",ccoP,,ABXN37_RS00755,915,304.0,,electron_transport_I
CDS,with_protein,GCF_043357095.1,Primary Assembly,unplaced scaffold,,NZ_JBFBPI010000001.1,141168,142700,+,WP_082367693.1,WP_082367693.1,,cytochrome c oxidase accessory protein CcoG,ccoG,,ABXN37_RS00760,1533,510.0,,electron_transport_I
CDS,with_protein,GCF_043357095.1,Primary Assembly,unplaced scaffold,,NZ_JBFBPI010000104.1,7741,8757,+,WP_054022750.1,WP_054022750.1,,2Fe-2S iron-sulfur cluster-binding protein,,,ABXN37_RS27940,1017,338.0,,electron_transport_I
CDS,with_protein,GCF_043357095.1,Primary Assembly,unplaced scaffold,,NZ_JBFBPI010000108.1,676,1710,-,WP_082368727.1,WP_082368727.1,,bifunctional 2-polyprenyl-6-hydroxyphenol methylase/3-demethylubiquinol 3-O-methyltransferase UbiG,,,ABXN37_RS28120,1035,344.0,,electron_transport_I
CDS,with_protein,GCF_043357095.1,Primary Assembly,unplaced scaffold,,NZ_JBFBPI010000108.1,1743,2888,-,WP_054022782.1,WP_054022782.1,,bifunctional 2-polyprenyl-6-hydroxyphenol methylase/3-demethylubiquinol 3-O-methyltransferase UbiG,,,ABXN37_RS28125,1146,381.0,,electron_transport_I
CDS,with_protein,GCF_043357095.1,Primary Assembly,unplaced scaffold,,NZ_JBFBPI010000011.1,2978,3604,-,WP_393937480.1,WP_393937480.1,,"2-polyprenyl-3-methyl-6-methoxy-1,4-benzoquinone monooxygenase",coq7,,ABXN37_RS06420,627,208.0,,electron_transport_I
CDS,with_protein,GCF_043357095.1,Primary Assembly,unplaced scaffold,,NZ_JBFBPI010000011.1,60239,60853,-,WP_054018938.1,WP_054018938.1,,cytochrome c,,,ABXN37_RS06680,615,204.0,,electron_transport_I
CDS,with_protein,GCF_043357095.1,Primary Assembly,unplaced scaffold,,NZ_JBFBPI010000011.1,65169,65942,+,WP_054018943.1,WP_054018943.1,,ferredoxin--NADP reductase,,,ABXN37_RS06705,774,257.0,,electron_transport_I
CDS,with_protein,GCF_043357095.1,Primary Assembly,unplaced scaffold,,NZ_JBFBPI010000116.1,5266,5910,+,WP_054022826.1,WP_054022826.1,,bifunctional 2-polyprenyl-6-hydroxyphenol methylase/3-demethylubiquinol 3-O-methyltransferase UbiG,,,ABXN37_RS28385,645,214.0,,electron_transport_I
CDS,with_protein,GCF_043357095.1,Primary Assembly,unplaced scaffold,,NZ_JBFBPI010000116.1,9187,9261,+,WP_082368739.1,WP_082368739.1,,pyrroloquinoline quinone precursor peptide PqqA,pqqA,,ABXN37_RS28410,75,24.0,,electron_transport_I
CDS,with_protein,GCF_043357095.1,Primary Assembly,unplaced scaffold,,NZ_JBFBPI010000116.1,9289,10209,+,WP_054022828.1,WP_054022828.1,,pyrroloquinoline quinone biosynthesis protein PqqB,pqqB,,ABXN37_RS28415,921,306.0,,electron_transport_I
CDS,with_protein,GCF_043357095.1,Primary Assembly,unplaced scaffold,,NZ_JBFBPI010000116.1,10226,10975,+,WP_054022829.1,WP_054022829.1,,pyrroloquinoline-quinone synthase PqqC,pqqC,,ABXN37_RS28420,750,249.0,,electron_transport_I
CDS,without_protein,GCF_043357095.1,Primary Assembly,unplaced scaffold,,NZ_JBFBPI010000116.1,10972,11259,+,,,,pyrroloquinoline quinone biosynthesis peptide chaperone PqqD,pqqD,,ABXN37_RS28425,288,,partial;pseudo,electron_transport_I
CDS,with_protein,GCF_043357095.1,Primary Assembly,unplaced scaffold,,NZ_JBFBPI010000116.1,11378,12445,+,WP_393940354.1,WP_393940354.1,,pyrroloquinoline quinone biosynthesis protein PqqE,pqqE,,ABXN37_RS28430,1068,355.0,,electron_transport_I
CDS,without_protein,GCF_043357095.1,Primary Assembly,unplaced scaffold,,NZ_JBFBPI010000017.1,5630,6100,-,,,,NADPH-dependent FMN reductase,,,ABXN37_RS08500,471,,partial;pseudo,electron_transport_I
CDS,with_protein,GCF_043357095.1,Primary Assembly,unplaced scaffold,,NZ_JBFBPI010000017.1,103513,104112,+,WP_054019349.1,WP_054019349.1,,ubiquinol-cytochrome c reductase iron-sulfur subunit,petA,,ABXN37_RS09065,600,199.0,,electron_transport_I
CDS,with_protein,GCF_043357095.1,Primary Assembly,unplaced scaffold,,NZ_JBFBPI010000017.1,104170,105570,+,WP_054019350.1,WP_054019350.1,,cytochrome bc complex cytochrome b subunit,,,ABXN37_RS09070,1401,466.0,,electron_transport_I
CDS,with_protein,GCF_043357095.1,Primary Assembly,unplaced scaffold,,NZ_JBFBPI010000017.1,105593,106360,+,WP_054019351.1,WP_054019351.1,,cytochrome c1,,,ABXN37_RS09075,768,255.0,,electron_transport_I
CDS,with_protein,GCF_043357095.1,Primary Assembly,unplaced scaffold,,NZ_JBFBPI010000017.1,128777,129508,+,WP_054019370.1,WP_054019370.1,,"bifunctional demethylmenaquinone methyltransferase/2-methoxy-6-polyprenyl-1,4-benzoquinol methylase UbiE",ubiE,,ABXN37_RS09180,732,243.0,,electron_transport_I
CDS,with_protein,GCF_043357095.1,Primary Assembly,unplaced scaffold,,NZ_JBFBPI010000017.1,133347,134909,+,WP_054019375.1,WP_054019375.1,,ubiquinone biosynthesis regulatory protein kinase UbiB,ubiB,,ABXN37_RS09210,1563,520.0,,electron_transport_I
CDS,with_protein,GCF_043357095.1,Primary Assembly,unplaced scaffold,,NZ_JBFBPI010000188.1,34,966,-,WP_393940586.1,WP_393940586.1,,electron transfer flavoprotein subunit alpha/FixB family protein,,,ABXN37_RS29155,933,310.0,,electron_transport_I
CDS,with_protein,GCF_043357095.1,Primary Assembly,unplaced scaffold,,NZ_JBFBPI010000188.1,967,1609,-,WP_393940589.1,WP_393940589.1,,electron transfer flavoprotein subunit beta/FixA family protein,,,ABXN37_RS29160,643,213.0,partial,electron_transport_I
CDS,with_protein,GCF_043357095.1,Primary Assembly,unplaced scaffold,,NZ_JBFBPI010000002.1,11915,13009,+,WP_054017898.1,WP_054017898.1,,iron-sulfur cluster carrier protein ApbC,apbC,,ABXN37_RS00905,1095,364.0,,electron_transport_I
CDS,with_protein,GCF_043357095.1,Primary Assembly,unplaced scaffold,,NZ_JBFBPI010000022.1,44197,44550,-,WP_393937895.1,WP_393937895.1,,c-type cytochrome,,,ABXN37_RS09670,354,117.0,,electron_transport_I
CDS,without_protein,GCF_043357095.1,Primary Assembly,unplaced scaffold,,NZ_JBFBPI010000023.1,26011,26949,+,,,,ubiquinol oxidase subunit II,cyoA,,ABXN37_RS09860,939,,partial;pseudo,electron_transport_I
CDS,with_protein,GCF_043357095.1,Primary Assembly,unplaced scaffold,,NZ_JBFBPI010000023.1,26984,28987,+,WP_054019512.1,WP_054019512.1,,cytochrome o ubiquinol oxidase subunit I,cyoB,,ABXN37_RS09865,2004,667.0,,electron_transport_I
CDS,with_protein,GCF_043357095.1,Primary Assembly,unplaced scaffold,,NZ_JBFBPI010000023.1,28980,29666,+,WP_082368119.1,WP_082368119.1,,cytochrome o ubiquinol oxidase subunit III,cyoC,,ABXN37_RS09870,687,228.0,,electron_transport_I
CDS,with_protein,GCF_043357095.1,Primary Assembly,unplaced scaffold,,NZ_JBFBPI010000023.1,29663,30103,+,WP_054019513.1,WP_054019513.1,,cytochrome o ubiquinol oxidase subunit IV,cyoD,,ABXN37_RS09875,441,146.0,,electron_transport_I
CDS,with_protein,GCF_043357095.1,Primary Assembly,unplaced scaffold,,NZ_JBFBPI010000024.1,40872,41405,+,WP_054019609.1,WP_054019609.1,,Fe-S cluster assembly transcriptional regulator IscR,iscR,,ABXN37_RS10375,534,177.0,,electron_transport_I
CDS,with_protein,GCF_043357095.1,Primary Assembly,unplaced scaffold,,NZ_JBFBPI010000024.1,42805,43215,+,WP_054019611.1,WP_054019611.1,,Fe-S cluster assembly scaffold IscU,iscU,,ABXN37_RS10385,411,136.0,,electron_transport_I
CDS,with_protein,GCF_043357095.1,Primary Assembly,unplaced scaffold,,NZ_JBFBPI010000024.1,43221,43544,+,WP_054019612.1,WP_054019612.1,,iron-sulfur cluster assembly protein IscA,iscA,,ABXN37_RS10390,324,107.0,,electron_transport_I
CDS,with_protein,GCF_043357095.1,Primary Assembly,unplaced scaffold,,NZ_JBFBPI010000024.1,43669,44190,+,WP_054019613.1,WP_054019613.1,,Fe-S protein assembly co-chaperone HscB,hscB,,ABXN37_RS10395,522,173.0,,electron_transport_I
CDS,without_protein,GCF_043357095.1,Primary Assembly,unplaced scaffold,,NZ_JBFBPI010000024.1,44204,46056,+,,,,Fe-S protein assembly chaperone HscA,hscA,,ABXN37_RS10400,1853,,pseudo,electron_transport_I
CDS,with_protein,GCF_043357095.1,Primary Assembly,unplaced scaffold,,NZ_JBFBPI010000024.1,46067,46405,+,WP_054019615.1,WP_054019615.1,,ISC system 2Fe-2S type ferredoxin,fdx,,ABXN37_RS10405,339,112.0,,electron_transport_I
CDS,with_protein,GCF_043357095.1,Primary Assembly,unplaced scaffold,,NZ_JBFBPI010000024.1,52656,53642,+,WP_054019650.1,WP_054019650.1,,NAD(P)H-quinone oxidoreductase,,,ABXN37_RS10435,987,328.0,,electron_transport_I
CDS,with_protein,GCF_043357095.1,Primary Assembly,unplaced scaffold,,NZ_JBFBPI010000024.1,55125,55484,+,WP_054019622.1,WP_054019622.1,,NADH-quinone oxidoreductase subunit A,,,ABXN37_RS10455,360,119.0,,electron_transport_I
CDS,with_protein,GCF_043357095.1,Primary Assembly,unplaced scaffold,,NZ_JBFBPI010000024.1,55523,55999,+,WP_054019623.1,WP_054019623.1,,NADH-quinone oxidoreductase subunit B family protein,,,ABXN37_RS10460,477,158.0,,electron_transport_I
CDS,with_protein,GCF_043357095.1,Primary Assembly,unplaced scaffold,,NZ_JBFBPI010000024.1,56034,56630,+,WP_054019624.1,WP_054019624.1,,NADH-quinone oxidoreductase subunit C,,,ABXN37_RS10465,597,198.0,,electron_transport_I
CDS,with_protein,GCF_043357095.1,Primary Assembly,unplaced scaffold,,NZ_JBFBPI010000024.1,56684,57937,+,WP_054019625.1,WP_054019625.1,,NADH-quinone oxidoreductase subunit D,,,ABXN37_RS10470,1254,417.0,,electron_transport_I
CDS,with_protein,GCF_043357095.1,Primary Assembly,unplaced scaffold,,NZ_JBFBPI010000024.1,58556,59899,+,WP_054019627.1,WP_054019627.1,,NADH-quinone oxidoreductase subunit NuoF,nuoF,,ABXN37_RS10480,1344,447.0,,electron_transport_I
CDS,without_protein,GCF_043357095.1,Primary Assembly,unplaced scaffold,,NZ_JBFBPI010000024.1,59892,62032,+,,,,NADH-quinone oxidoreductase subunit NuoG,nuoG,,ABXN37_RS10485,2141,,pseudo,electron_transport_I
CDS,with_protein,GCF_043357095.1,Primary Assembly,unplaced scaffold,,NZ_JBFBPI010000024.1,62040,63110,+,WP_054019629.1,WP_054019629.1,,NADH-quinone oxidoreductase subunit NuoH,nuoH,,ABXN37_RS10490,1071,356.0,,electron_transport_I
CDS,with_protein,GCF_043357095.1,Primary Assembly,unplaced scaffold,,NZ_JBFBPI010000024.1,63107,63595,+,WP_054019630.1,WP_054019630.1,,NADH-quinone oxidoreductase subunit NuoI,nuoI,,ABXN37_RS10495,489,162.0,,electron_transport_I
CDS,with_protein,GCF_043357095.1,Primary Assembly,unplaced scaffold,,NZ_JBFBPI010000024.1,63671,64318,+,WP_054019631.1,WP_054019631.1,,NADH-quinone oxidoreductase subunit J,,,ABXN37_RS10500,648,215.0,,electron_transport_I
CDS,with_protein,GCF_043357095.1,Primary Assembly,unplaced scaffold,,NZ_JBFBPI010000024.1,64315,64620,+,WP_054019632.1,WP_054019632.1,,NADH-quinone oxidoreductase subunit NuoK,nuoK,,ABXN37_RS10505,306,101.0,,electron_transport_I
CDS,with_protein,GCF_043357095.1,Primary Assembly,unplaced scaffold,,NZ_JBFBPI010000024.1,64664,66691,+,WP_054019633.1,WP_054019633.1,,NADH-quinone oxidoreductase subunit L,nuoL,,ABXN37_RS10510,2028,675.0,,electron_transport_I
CDS,with_protein,GCF_043357095.1,Primary Assembly,unplaced scaffold,,NZ_JBFBPI010000024.1,66730,68205,+,WP_054019634.1,WP_054019634.1,,NADH-quinone oxidoreductase subunit M,,,ABXN37_RS10515,1476,491.0,,electron_transport_I
CDS,with_protein,GCF_043357095.1,Primary Assembly,unplaced scaffold,,NZ_JBFBPI010000024.1,68224,69705,+,WP_054019635.1,WP_054019635.1,,NADH-quinone oxidoreductase subunit NuoN,nuoN,,ABXN37_RS10520,1482,493.0,,electron_transport_I
CDS,with_protein,GCF_043357095.1,Primary Assembly,unplaced scaffold,,NZ_JBFBPI010000026.1,59590,59913,-,WP_054019721.1,WP_054019721.1,,ferredoxin FdxA,fdxA,,ABXN37_RS11050,324,107.0,,electron_transport_I
CDS,with_protein,GCF_043357095.1,Primary Assembly,unplaced scaffold,,NZ_JBFBPI010000027.1,8687,8950,+,WP_393938081.1,WP_393938081.1,,c-type cytochrome,,,ABXN37_RS11200,264,87.0,,electron_transport_I
CDS,with_protein,GCF_043357095.1,Primary Assembly,unplaced scaffold,,NZ_JBFBPI010000028.1,4593,5093,-,WP_393938146.1,WP_393938146.1,,NADPH-dependent FMN reductase,,,ABXN37_RS11405,501,166.0,,electron_transport_I
CDS,with_protein,GCF_043357095.1,Primary Assembly,unplaced scaffold,,NZ_JBFBPI010000003.1,16519,17013,-,WP_393936923.1,WP_393936923.1,,(2Fe-2S)-binding protein,,,ABXN37_RS01740,495,164.0,,electron_transport_I
CDS,with_protein,GCF_043357095.1,Primary Assembly,unplaced scaffold,,NZ_JBFBPI010000003.1,50707,51099,-,WP_082367767.1,WP_082367767.1,,cytochrome c,,,ABXN37_RS01940,393,130.0,,electron_transport_I
CDS,with_protein,GCF_043357095.1,Primary Assembly,unplaced scaffold,,NZ_JBFBPI010000030.1,8832,9299,-,WP_393938215.1,WP_393938215.1,,(2Fe-2S)-binding protein,,,ABXN37_RS12075,468,155.0,,electron_transport_I
CDS,without_protein,GCF_043357095.1,Primary Assembly,unplaced scaffold,,NZ_JBFBPI010000030.1,25012,25509,-,,,,c-type cytochrome,,,ABXN37_RS12155,498,,pseudo,electron_transport_I
CDS,with_protein,GCF_043357095.1,Primary Assembly,unplaced scaffold,,NZ_JBFBPI010000030.1,57824,58087,-,WP_393938238.1,WP_393938238.1,,c-type cytochrome,,,ABXN37_RS12305,264,87.0,,electron_transport_I
CDS,with_protein,GCF_043357095.1,Primary Assembly,unplaced scaffold,,NZ_JBFBPI010000030.1,64613,65359,+,WP_054019966.1,WP_054019966.1,,"Ni/Fe-hydrogenase, b-type cytochrome subunit",cybH,,ABXN37_RS12350,747,248.0,,electron_transport_I
CDS,with_protein,GCF_043357095.1,Primary Assembly,unplaced scaffold,,NZ_JBFBPI010000030.1,127406,128104,-,WP_393938296.1,WP_393938296.1,,c-type cytochrome,,,ABXN37_RS12725,699,232.0,,electron_transport_I
CDS,with_protein,GCF_043357095.1,Primary Assembly,unplaced scaffold,,NZ_JBFBPI010000032.1,45731,46480,+,WP_393938406.1,WP_393938406.1,,c-type cytochrome,,,ABXN37_RS13400,750,249.0,,electron_transport_I
CDS,with_protein,GCF_043357095.1,Primary Assembly,unplaced scaffold,,NZ_JBFBPI010000032.1,46477,48381,+,WP_054020164.1,WP_054020164.1,,cytochrome c oxidase subunit I,ctaD,,ABXN37_RS13405,1905,634.0,,electron_transport_I
CDS,with_protein,GCF_043357095.1,Primary Assembly,unplaced scaffold,,NZ_JBFBPI010000032.1,48378,48998,+,WP_054020165.1,WP_054020165.1,,cytochrome c oxidase subunit 3,,,ABXN37_RS13410,621,206.0,,electron_transport_I
CDS,with_protein,GCF_043357095.1,Primary Assembly,unplaced scaffold,,NZ_JBFBPI010000032.1,49308,49739,-,WP_393938409.1,WP_393938409.1,,cytochrome c oxidase assembly protein,,,ABXN37_RS13420,432,143.0,,electron_transport_I
CDS,without_protein,GCF_043357095.1,Primary Assembly,unplaced scaffold,,NZ_JBFBPI010000032.1,49826,50173,-,,,,cytochrome c oxidase assembly protein,,,ABXN37_RS13425,348,,partial;pseudo,electron_transport_I
CDS,with_protein,GCF_043357095.1,Primary Assembly,unplaced scaffold,,NZ_JBFBPI010000032.1,52492,53310,-,WP_054020171.1,WP_054020171.1,,c-type cytochrome,,,ABXN37_RS13445,819,272.0,,electron_transport_I
CDS,with_protein,GCF_043357095.1,Primary Assembly,unplaced scaffold,,NZ_JBFBPI010000032.1,53356,53607,-,WP_393938411.1,WP_393938411.1,,c-type cytochrome,,,ABXN37_RS13450,252,83.0,,electron_transport_I
CDS,with_protein,GCF_043357095.1,Primary Assembly,unplaced scaffold,,NZ_JBFBPI010000032.1,57171,57569,-,WP_393938412.1,WP_393938412.1,,c-type cytochrome,,,ABXN37_RS13470,399,132.0,,electron_transport_I
CDS,with_protein,GCF_043357095.1,Primary Assembly,unplaced scaffold,,NZ_JBFBPI010000032.1,57773,58603,-,WP_393938414.1,WP_393938414.1,,c-type cytochrome,,,ABXN37_RS13475,831,276.0,,electron_transport_I
CDS,with_protein,GCF_043357095.1,Primary Assembly,unplaced scaffold,,NZ_JBFBPI010000032.1,102912,103367,+,WP_393938446.1,WP_393938446.1,,2Fe-2S iron-sulfur cluster-binding protein,,,ABXN37_RS13710,456,151.0,,electron_transport_I
CDS,without_protein,GCF_043357095.1,Primary Assembly,unplaced scaffold,,NZ_JBFBPI010000033.1,4141,7736,-,,,,indolepyruvate ferredoxin oxidoreductase family protein,,,ABXN37_RS13825,3596,,pseudo,electron_transport_I
CDS,with_protein,GCF_043357095.1,Primary Assembly,unplaced scaffold,,NZ_JBFBPI010000034.1,20314,21195,-,WP_054020329.1,WP_054020329.1,,cytochrome c oxidase subunit 3,,,ABXN37_RS14325,882,293.0,,electron_transport_I
CDS,with_protein,GCF_043357095.1,Primary Assembly,unplaced scaffold,,NZ_JBFBPI010000034.1,21479,22117,-,WP_054020331.1,WP_054020331.1,,cytochrome c oxidase assembly protein,,,ABXN37_RS14335,639,212.0,,electron_transport_I
CDS,with_protein,GCF_043357095.1,Primary Assembly,unplaced scaffold,,NZ_JBFBPI010000034.1,22137,22247,-,WP_231638122.1,WP_231638122.1,,cytochrome oxidase small assembly protein,,,ABXN37_RS14340,111,36.0,,electron_transport_I
CDS,with_protein,GCF_043357095.1,Primary Assembly,unplaced scaffold,,NZ_JBFBPI010000034.1,22291,23919,-,WP_054020332.1,WP_054020332.1,,cytochrome c oxidase subunit I,ctaD,,ABXN37_RS14345,1629,542.0,,electron_transport_I
CDS,with_protein,GCF_043357095.1,Primary Assembly,unplaced scaffold,,NZ_JBFBPI010000034.1,23966,25156,-,WP_082368282.1,WP_082368282.1,,cytochrome c oxidase subunit II,coxB,,ABXN37_RS14350,1191,396.0,,electron_transport_I
CDS,with_protein,GCF_043357095.1,Primary Assembly,unplaced scaffold,,NZ_JBFBPI010000035.1,34634,35113,-,WP_054020408.1,WP_054020408.1,,(2Fe-2S)-binding protein,,,ABXN37_RS14745,480,159.0,,electron_transport_I
CDS,with_protein,GCF_043357095.1,Primary Assembly,unplaced scaffold,,NZ_JBFBPI010000036.1,366,617,-,WP_054020444.1,WP_054020444.1,,YfhL family 4Fe-4S dicluster ferredoxin,,,ABXN37_RS14920,252,83.0,,electron_transport_I
CDS,with_protein,GCF_043357095.1,Primary Assembly,unplaced scaffold,,NZ_JBFBPI010000036.1,48636,49172,+,WP_054020481.1,WP_054020481.1,,cytochrome b,,,ABXN37_RS15150,537,178.0,,electron_transport_I
CDS,with_protein,GCF_043357095.1,Primary Assembly,unplaced scaffold,,NZ_JBFBPI010000037.1,34731,35435,-,WP_054020574.1,WP_054020574.1,,succinate dehydrogenase iron-sulfur subunit,,,ABXN37_RS15640,705,234.0,,electron_transport_I
CDS,with_protein,GCF_043357095.1,Primary Assembly,unplaced scaffold,,NZ_JBFBPI010000037.1,37612,38034,-,WP_054020577.1,WP_054020577.1,,"succinate dehydrogenase, cytochrome b556 subunit",sdhC,,ABXN37_RS15655,423,140.0,,electron_transport_I
CDS,with_protein,GCF_043357095.1,Primary Assembly,unplaced scaffold,,NZ_JBFBPI010000037.1,111716,112342,+,WP_054020637.1,WP_054020637.1,,bifunctional 2-polyprenyl-6-hydroxyphenol methylase/3-demethylubiquinol 3-O-methyltransferase UbiG,,,ABXN37_RS16045,627,208.0,,electron_transport_I
CDS,without_protein,GCF_043357095.1,Primary Assembly,unplaced scaffold,,NZ_JBFBPI010000037.1,116391,117414,+,,,,Rieske 2Fe-2S domain-containing protein,,,ABXN37_RS16085,1024,,pseudo,electron_transport_I
CDS,without_protein,GCF_043357095.1,Primary Assembly,unplaced scaffold,,NZ_JBFBPI010000037.1,117706,117972,+,,,,2Fe-2S iron-sulfur cluster-binding protein,,,ABXN37_RS16090,267,,partial;pseudo,electron_transport_I
CDS,with_protein,GCF_043357095.1,Primary Assembly,unplaced scaffold,,NZ_JBFBPI010000037.1,124968,125441,+,WP_054020649.1,WP_054020649.1,,(2Fe-2S)-binding protein,,,ABXN37_RS16130,474,157.0,,electron_transport_I
CDS,with_protein,GCF_043357095.1,Primary Assembly,unplaced scaffold,,NZ_JBFBPI010000038.1,65406,65726,+,WP_393938669.1,WP_393938669.1,,cytochrome oxidase putative small subunit CydP,cydP,,ABXN37_RS16505,321,106.0,,electron_transport_I
CDS,with_protein,GCF_043357095.1,Primary Assembly,unplaced scaffold,,NZ_JBFBPI010000038.1,65723,67279,+,WP_054020736.1,WP_054020736.1,,cytochrome ubiquinol oxidase subunit I,,,ABXN37_RS16510,1557,518.0,,electron_transport_I
CDS,with_protein,GCF_043357095.1,Primary Assembly,unplaced scaffold,,NZ_JBFBPI010000038.1,67295,68437,+,WP_054020737.1,WP_054020737.1,,cytochrome d ubiquinol oxidase subunit II,cydB,,ABXN37_RS16515,1143,380.0,,electron_transport_I
CDS,with_protein,GCF_043357095.1,Primary Assembly,unplaced scaffold,,NZ_JBFBPI010000038.1,68471,69094,+,WP_054020738.1,WP_054020738.1,,ubiquinol-cytochrome c reductase iron-sulfur subunit,petA,,ABXN37_RS16520,624,207.0,,electron_transport_I
CDS,with_protein,GCF_043357095.1,Primary Assembly,unplaced scaffold,,NZ_JBFBPI010000038.1,69107,69238,+,WP_082368339.1,WP_082368339.1,,cytochrome bd-I oxidase subunit CydX,cydX,,ABXN37_RS16525,132,43.0,,electron_transport_I
CDS,with_protein,GCF_043357095.1,Primary Assembly,unplaced scaffold,,NZ_JBFBPI010000039.1,62558,63034,+,WP_054020801.1,WP_054020801.1,,cytochrome c maturation protein CcmE,ccmE,,ABXN37_RS16940,477,158.0,,electron_transport_I
CDS,with_protein,GCF_043357095.1,Primary Assembly,unplaced scaffold,,NZ_JBFBPI010000039.1,65607,66050,+,WP_393938705.1,WP_393938705.1,,cytochrome c-type biogenesis protein CcmH,,,ABXN37_RS16955,444,147.0,,electron_transport_I
CDS,with_protein,GCF_043357095.1,Primary Assembly,unplaced scaffold,,NZ_JBFBPI010000039.1,160557,160877,+,WP_393938758.1,WP_393938758.1,,c-type cytochrome,,,ABXN37_RS17420,321,106.0,,electron_transport_I
CDS,with_protein,GCF_043357095.1,Primary Assembly,unplaced scaffold,,NZ_JBFBPI010000039.1,169221,169697,-,WP_054020882.1,WP_054020882.1,,(2Fe-2S)-binding protein,,,ABXN37_RS17465,477,158.0,,electron_transport_I
CDS,with_protein,GCF_043357095.1,Primary Assembly,unplaced scaffold,,NZ_JBFBPI010000041.1,8731,10416,-,WP_054020976.1,WP_054020976.1,,electron transfer flavoprotein-ubiquinone oxidoreductase,,,ABXN37_RS17850,1686,561.0,,electron_transport_I
CDS,with_protein,GCF_043357095.1,Primary Assembly,unplaced scaffold,,NZ_JBFBPI010000041.1,15079,16122,-,WP_054020983.1,WP_054020983.1,,quinone-dependent dihydroorotate dehydrogenase,,,ABXN37_RS17890,1044,347.0,,electron_transport_I
CDS,without_protein,GCF_043357095.1,Primary Assembly,unplaced scaffold,,NZ_JBFBPI010000043.1,1,149,-,,,,electron transfer flavoprotein subunit beta/FixA family protein,,,ABXN37_RS18490,149,,partial;pseudo,electron_transport_I
CDS,with_protein,GCF_043357095.1,Primary Assembly,unplaced scaffold,,NZ_JBFBPI010000043.1,17944,19263,-,WP_054021103.1,WP_054021103.1,,Rieske 2Fe-2S domain-containing protein,,,ABXN37_RS18580,1320,439.0,,electron_transport_I
CDS,with_protein,GCF_043357095.1,Primary Assembly,unplaced scaffold,,NZ_JBFBPI010000043.1,43918,44490,-,WP_393938876.1,WP_393938876.1,,NAD(P)H:quinone oxidoreductase,wrbA,,ABXN37_RS18715,573,190.0,,electron_transport_I
CDS,with_protein,GCF_043357095.1,Primary Assembly,unplaced scaffold,,NZ_JBFBPI010000043.1,64890,65189,-,WP_054021142.1,WP_054021142.1,,high-potential iron-sulfur protein,,,ABXN37_RS18820,300,99.0,,electron_transport_I
CDS,with_protein,GCF_043357095.1,Primary Assembly,unplaced scaffold,,NZ_JBFBPI010000044.1,49713,50015,+,WP_054021196.1,WP_054021196.1,,high-potential iron-sulfur protein,,,ABXN37_RS19090,303,100.0,,electron_transport_I
CDS,without_protein,GCF_043357095.1,Primary Assembly,unplaced scaffold,,NZ_JBFBPI010000046.1,21932,23153,-,,,,"L-serine ammonia-lyase, iron-sulfur-dependent, subunit alpha",,,ABXN37_RS19990,1222,,pseudo,electron_transport_I
CDS,with_protein,GCF_043357095.1,Primary Assembly,unplaced scaffold,,NZ_JBFBPI010000046.1,39529,41043,+,WP_393939047.1,WP_393939047.1,,NADH-ubiquinone oxidoreductase-F iron-sulfur binding region domain-containing protein,,,ABXN37_RS20070,1515,504.0,,electron_transport_I
CDS,with_protein,GCF_043357095.1,Primary Assembly,unplaced scaffold,,NZ_JBFBPI010000047.1,38629,39348,+,WP_054021413.1,WP_054021413.1,,succinate dehydrogenase/fumarate reductase iron-sulfur subunit,,,ABXN37_RS20320,720,239.0,,electron_transport_I
CDS,with_protein,GCF_043357095.1,Primary Assembly,unplaced scaffold,,NZ_JBFBPI010000047.1,39752,40120,+,WP_054021414.1,WP_054021414.1,,"succinate dehydrogenase, cytochrome b556 subunit",sdhC,,ABXN37_RS20330,369,122.0,,electron_transport_I
CDS,with_protein,GCF_043357095.1,Primary Assembly,unplaced scaffold,,NZ_JBFBPI010000048.1,569,841,-,WP_393939135.1,WP_393939135.1,,sulfur oxidation c-type cytochrome SoxX,soxX,,ABXN37_RS20455,273,90.0,,electron_transport_I
CDS,with_protein,GCF_043357095.1,Primary Assembly,unplaced scaffold,,NZ_JBFBPI010000048.1,3101,3604,-,WP_054021438.1,WP_054021438.1,,(2Fe-2S)-binding protein,,,ABXN37_RS20465,504,167.0,,electron_transport_I
CDS,with_protein,GCF_043357095.1,Primary Assembly,unplaced scaffold,,NZ_JBFBPI010000005.1,16420,16791,-,WP_082367790.1,WP_082367790.1,,cytochrome c,,,ABXN37_RS02180,372,123.0,,electron_transport_I
CDS,with_protein,GCF_043357095.1,Primary Assembly,unplaced scaffold,,NZ_JBFBPI010000005.1,63409,63912,+,WP_054018173.1,WP_054018173.1,,plastocyanin/azurin family copper-binding protein,,,ABXN37_RS02380,504,167.0,,electron_transport_I
CDS,with_protein,GCF_043357095.1,Primary Assembly,unplaced scaffold,,NZ_JBFBPI010000051.1,12843,13169,-,WP_054021496.1,WP_054021496.1,,ferredoxin,,,ABXN37_RS20755,327,108.0,,electron_transport_I
CDS,without_protein,GCF_043357095.1,Primary Assembly,unplaced scaffold,,NZ_JBFBPI010000054.1,28079,28984,+,,,,2Fe-2S iron-sulfur cluster-binding protein,,,ABXN37_RS21360,906,,pseudo,electron_transport_I
CDS,with_protein,GCF_043357095.1,Primary Assembly,unplaced scaffold,,NZ_JBFBPI010000006.1,104834,105439,+,WP_054018278.1,WP_054018278.1,,ubiquinol-cytochrome c reductase iron-sulfur subunit,petA,,ABXN37_RS03050,606,201.0,,electron_transport_I
CDS,with_protein,GCF_043357095.1,Primary Assembly,unplaced scaffold,,NZ_JBFBPI010000006.1,157582,158061,-,WP_054018320.1,WP_054018320.1,,cytochrome c,,,ABXN37_RS03310,480,159.0,,electron_transport_I
CDS,with_protein,GCF_043357095.1,Primary Assembly,unplaced scaffold,,NZ_JBFBPI010000006.1,159475,159999,-,WP_054018323.1,WP_054018323.1,,plastocyanin/azurin family copper-binding protein,,,ABXN37_RS03330,525,174.0,,electron_transport_I
CDS,with_protein,GCF_043357095.1,Primary Assembly,unplaced scaffold,,NZ_JBFBPI010000006.1,213810,215747,+,WP_393937148.1,WP_393937148.1,,cytochrome c/FTR1 family iron permease,,,ABXN37_RS03600,1938,645.0,,electron_transport_I
CDS,with_protein,GCF_043357095.1,Primary Assembly,unplaced scaffold,,NZ_JBFBPI010000065.1,25680,26402,+,WP_054021886.1,WP_054021886.1,,4Fe-4S dicluster domain-containing protein,,,ABXN37_RS22905,723,240.0,,electron_transport_I
CDS,with_protein,GCF_043357095.1,Primary Assembly,unplaced scaffold,,NZ_JBFBPI010000065.1,60910,61137,-,WP_054021921.1,WP_054021921.1,,bacterioferritin-associated ferredoxin,,,ABXN37_RS23105,228,75.0,,electron_transport_I
CDS,with_protein,GCF_043357095.1,Primary Assembly,unplaced scaffold,,NZ_JBFBPI010000065.1,109350,110993,+,WP_393939550.1,WP_393939550.1,,c-type cytochrome,,,ABXN37_RS23365,1644,547.0,,electron_transport_I
CDS,with_protein,GCF_043357095.1,Primary Assembly,unplaced scaffold,,NZ_JBFBPI010000065.1,110935,111258,+,WP_393939552.1,WP_393939552.1,,c-type cytochrome,,,ABXN37_RS23370,324,107.0,,electron_transport_I
CDS,with_protein,GCF_043357095.1,Primary Assembly,unplaced scaffold,,NZ_JBFBPI010000066.1,9176,10159,+,WP_054022006.1,WP_054022006.1,,NADPH:quinone oxidoreductase family protein,,,ABXN37_RS23540,984,327.0,,electron_transport_I
CDS,with_protein,GCF_043357095.1,Primary Assembly,unplaced scaffold,,NZ_JBFBPI010000066.1,19061,20044,-,WP_054022017.1,WP_054022017.1,,NADPH:quinone oxidoreductase family protein,,,ABXN37_RS23595,984,327.0,,electron_transport_I
CDS,without_protein,GCF_043357095.1,Primary Assembly,unplaced scaffold,,NZ_JBFBPI010000066.1,35031,35132,-,,,,electron transfer flavoprotein subunit alpha/FixB family protein,,,ABXN37_RS23665,102,,partial;pseudo,electron_transport_I
CDS,with_protein,GCF_043357095.1,Primary Assembly,unplaced scaffold,,NZ_JBFBPI010000068.1,37819,38796,-,WP_054022062.1,WP_054022062.1,,NADPH:quinone oxidoreductase family protein,,,ABXN37_RS23940,978,325.0,,electron_transport_I
CDS,with_protein,GCF_043357095.1,Primary Assembly,unplaced scaffold,,NZ_JBFBPI010000007.1,49588,49989,-,WP_393937306.1,WP_393937306.1,,c-type cytochrome,,,ABXN37_RS04110,402,133.0,,electron_transport_I
CDS,without_protein,GCF_043357095.1,Primary Assembly,unplaced scaffold,,NZ_JBFBPI010000007.1,56253,57343,-,,,,NADH-quinone oxidoreductase subunit L,,,ABXN37_RS04140,1091,,partial;pseudo,electron_transport_I
CDS,with_protein,GCF_043357095.1,Primary Assembly,unplaced scaffold,,NZ_JBFBPI010000007.1,92660,93571,-,WP_054018518.1,WP_054018518.1,,ferredoxin:protochlorophyllide reductase (ATP-dependent) iron-sulfur ATP-binding protein,bchL,,ABXN37_RS04355,912,303.0,,electron_transport_I
CDS,without_protein,GCF_043357095.1,Primary Assembly,unplaced scaffold,,NZ_JBFBPI010000007.1,97272,98504,-,,,,ferredoxin:protochlorophyllide reductase (ATP-dependent) subunit B,bchB,,ABXN37_RS04380,1233,,partial;pseudo,electron_transport_I
CDS,without_protein,GCF_043357095.1,Primary Assembly,unplaced scaffold,,NZ_JBFBPI010000007.1,98968,99744,-,,,,ferredoxin:protochlorophyllide reductase (ATP-dependent) subunit N,,,ABXN37_RS04390,777,,partial;pseudo,electron_transport_I
CDS,with_protein,GCF_043357095.1,Primary Assembly,unplaced scaffold,,NZ_JBFBPI010000007.1,106094,106399,+,WP_054018526.1,WP_054018526.1,,high-potential iron-sulfur protein,,,ABXN37_RS04435,306,101.0,,electron_transport_I
CDS,with_protein,GCF_043357095.1,Primary Assembly,unplaced scaffold,,NZ_JBFBPI010000007.1,121347,122345,+,WP_054018545.1,WP_054018545.1,,photosynthetic reaction center cytochrome PufC,pufC,,ABXN37_RS04550,999,332.0,,electron_transport_I
CDS,with_protein,GCF_043357095.1,Primary Assembly,unplaced scaffold,,NZ_JBFBPI010000007.1,155111,155596,+,WP_054018571.1,WP_054018571.1,,cytochrome c-550 PedF,pedF,,ABXN37_RS04725,486,161.0,,electron_transport_I
CDS,with_protein,GCF_043357095.1,Primary Assembly,unplaced scaffold,,NZ_JBFBPI010000007.1,220846,221223,+,WP_054018627.1,WP_054018627.1,,iron-sulfur cluster insertion protein ErpA,erpA,,ABXN37_RS05080,378,125.0,,electron_transport_I
CDS,without_protein,GCF_043357095.1,Primary Assembly,unplaced scaffold,,NZ_JBFBPI010000007.1,229027,231810,+,,,,FAD-binding and (Fe-S)-binding domain-containing protein,,,ABXN37_RS05120,2784,,pseudo,electron_transport_I
CDS,with_protein,GCF_043357095.1,Primary Assembly,unplaced scaffold,,NZ_JBFBPI010000070.1,4919,5659,-,WP_054022149.1,WP_054022149.1,,bifunctional 2-polyprenyl-6-hydroxyphenol methylase/3-demethylubiquinol 3-O-methyltransferase UbiG,,,ABXN37_RS24380,741,246.0,,electron_transport_I
CDS,with_protein,GCF_043357095.1,Primary Assembly,unplaced scaffold,,NZ_JBFBPI010000073.1,28433,28708,-,WP_054022218.1,WP_054022218.1,,CDGSH iron-sulfur domain-containing protein,,,ABXN37_RS24765,276,91.0,,electron_transport_I
CDS,with_protein,GCF_043357095.1,Primary Assembly,unplaced scaffold,,NZ_JBFBPI010000078.1,7984,8631,+,WP_054022389.1,WP_054022389.1,,c-type cytochrome,,,ABXN37_RS25680,648,215.0,,electron_transport_I
CDS,with_protein,GCF_043357095.1,Primary Assembly,unplaced scaffold,,NZ_JBFBPI010000078.1,11886,12776,+,WP_393939880.1,WP_393939880.1,,Rieske 2Fe-2S domain-containing protein,,,ABXN37_RS25695,891,296.0,,electron_transport_I
CDS,with_protein,GCF_043357095.1,Primary Assembly,unplaced scaffold,,NZ_JBFBPI010000079.1,2625,4046,+,WP_054022403.1,WP_054022403.1,,cytochrome-c peroxidase,,,ABXN37_RS25750,1422,473.0,,electron_transport_I
CDS,with_protein,GCF_043357095.1,Primary Assembly,unplaced scaffold,,NZ_JBFBPI010000079.1,18474,19103,-,WP_054022417.1,WP_054022417.1,,NADPH-dependent F420 reductase,,,ABXN37_RS25835,630,209.0,,electron_transport_I
CDS,without_protein,GCF_043357095.1,Primary Assembly,unplaced scaffold,,NZ_JBFBPI010000008.1,1,168,-,,,,electron transfer flavoprotein subunit beta/FixA family protein,,,ABXN37_RS05245,168,,partial;pseudo,electron_transport_I
CDS,with_protein,GCF_043357095.1,Primary Assembly,unplaced scaffold,,NZ_JBFBPI010000008.1,6560,7264,-,WP_054018690.1,WP_054018690.1,,cytochrome b/b6 domain-containing protein,,,ABXN37_RS05265,705,234.0,,electron_transport_I
CDS,with_protein,GCF_043357095.1,Primary Assembly,unplaced scaffold,,NZ_JBFBPI010000008.1,7445,7900,+,WP_054018691.1,WP_054018691.1,,cytochrome c,,,ABXN37_RS05270,456,151.0,,electron_transport_I
CDS,with_protein,GCF_043357095.1,Primary Assembly,unplaced scaffold,,NZ_JBFBPI010000008.1,21465,21782,+,WP_157548610.1,WP_157548610.1,,c-type cytochrome,,,ABXN37_RS05325,318,105.0,,electron_transport_I
CDS,without_protein,GCF_043357095.1,Primary Assembly,unplaced scaffold,,NZ_JBFBPI010000082.1,19409,19942,+,,,,2Fe-2S iron-sulfur cluster-binding protein,,,ABXN37_RS26180,534,,partial;pseudo,electron_transport_I
CDS,with_protein,GCF_043357095.1,Primary Assembly,unplaced scaffold,,NZ_JBFBPI010000083.1,47490,48167,-,WP_393940005.1,WP_393940005.1,,cytochrome P450,,,ABXN37_RS26565,678,225.0,,electron_transport_I
CDS,without_protein,GCF_043357095.1,Primary Assembly,unplaced scaffold,,NZ_JBFBPI010000083.1,48313,48975,-,,,,cytochrome P450,,,ABXN37_RS26570,663,,partial;pseudo,electron_transport_I
CDS,with_protein,GCF_043357095.1,Primary Assembly,unplaced scaffold,,NZ_JBFBPI010000085.1,23641,24309,-,WP_054022574.1,WP_054022574.1,,sulfur oxidation c-type cytochrome SoxX,soxX,,ABXN37_RS26825,669,222.0,,electron_transport_I
CDS,with_protein,GCF_043357095.1,Primary Assembly,unplaced scaffold,,NZ_JBFBPI010000085.1,24317,25117,-,WP_054022575.1,WP_054022575.1,,sulfur oxidation c-type cytochrome SoxA,soxA,,ABXN37_RS26830,801,266.0,,electron_transport_I
CDS,with_protein,GCF_043357095.1,Primary Assembly,unplaced scaffold,,NZ_JBFBPI010000085.1,26071,27054,-,WP_393940030.1,WP_393940030.1,,c-type cytochrome,,,ABXN37_RS26845,984,327.0,,electron_transport_I
CDS,with_protein,GCF_043357095.1,Primary Assembly,unplaced scaffold,,NZ_JBFBPI010000085.1,29424,29735,-,WP_054022581.1,WP_054022581.1,,c-type cytochrome,,,ABXN37_RS26865,312,103.0,,electron_transport_I
CDS,without_protein,GCF_043357095.1,Primary Assembly,unplaced scaffold,,NZ_JBFBPI010000085.1,67926,68186,+,,,,cytochrome C,,,ABXN37_RS27075,261,,partial;pseudo,electron_transport_I
CDS,without_protein,GCF_043357095.1,Primary Assembly,unplaced scaffold,,NZ_JBFBPI010000009.1,86052,86494,+,,,,iron-sulfur cluster assembly protein,,,ABXN37_RS06180,443,,pseudo,electron_transport_I
CDS,without_protein,GCF_043357095.1,Primary Assembly,unplaced scaffold,,NZ_JBFBPI010000009.1,86503,87575,+,,,,2Fe-2S iron-sulfur cluster-binding protein,,,ABXN37_RS06185,1073,,pseudo,electron_transport_I
CDS,with_protein,GCF_043357095.1,Primary Assembly,unplaced scaffold,,NZ_JBFBPI010000093.1,8321,9061,+,WP_054022664.1,WP_054022664.1,,"Ni/Fe-hydrogenase, b-type cytochrome subunit",cybH,,ABXN37_RS27345,741,246.0,,electron_transport_I
CDS,with_protein,GCF_043357095.1,Primary Assembly,unplaced scaffold,,NZ_JBFBPI010000094.1,4887,5354,-,WP_393940161.1,WP_393940161.1,,cytochrome P450,,,ABXN37_RS27505,468,155.0,,electron_transport_I
CDS,with_protein,GCF_043357095.1,Primary Assembly,unplaced scaffold,,NZ_JBFBPI010000094.1,5339,5890,-,WP_393940164.1,WP_393940164.1,,cytochrome P450,,,ABXN37_RS27510,552,183.0,,electron_transport_I
CDS,without_protein,GCF_043357095.1,Primary Assembly,unplaced scaffold,,NZ_JBFBPI010000034.1,16698,17597,-,,,,heme o synthase,cyoE,,ABXN37_RS14300,900,,partial;pseudo,terminal_oxidase_II
CDS,without_protein,GCF_043357095.1,Primary Assembly,unplaced scaffold,,NZ_JBFBPI010000034.1,17575,18677,-,,,,heme A synthase,,,ABXN37_RS14305,1103,,partial;pseudo,terminal_oxidase_II
CDS,with_protein,GCF_043357095.1,Primary Assembly,unplaced scaffold,,NZ_JBFBPI010000001.1,151014,152441,+,WP_054017863.1,WP_054017863.1,,oxygen-independent coproporphyrinogen III oxidase,hemN,,ABXN37_RS00815,1428,475.0,,tetrapyrrole_biosynthesis_II
CDS,with_protein,GCF_043357095.1,Primary Assembly,unplaced scaffold,,NZ_JBFBPI010000011.1,58037,58618,-,WP_393937529.1,WP_393937529.1,,sulfite oxidase heme-binding subunit YedZ,,,ABXN37_RS06665,582,193.0,,tetrapyrrole_biosynthesis_II
CDS,with_protein,GCF_043357095.1,Primary Assembly,unplaced scaffold,,NZ_JBFBPI010000011.1,82805,84097,-,WP_054018960.1,WP_054018960.1,,glutamyl-tRNA reductase,hemA,,ABXN37_RS06805,1293,430.0,,tetrapyrrole_biosynthesis_II
CDS,with_protein,GCF_043357095.1,Primary Assembly,unplaced scaffold,,NZ_JBFBPI010000002.1,94304,94759,+,WP_393936787.1,WP_393936787.1,,filamentous hemagglutinin N-terminal domain-containing protein,,,ABXN37_RS01320,456,151.0,,tetrapyrrole_biosynthesis_II
CDS,without_protein,GCF_043357095.1,Primary Assembly,unplaced scaffold,,NZ_JBFBPI010000030.1,72890,73756,+,,,,YifB family Mg chelatase-like AAA ATPase,,,ABXN37_RS12390,867,,partial;pseudo,tetrapyrrole_biosynthesis_II
CDS,without_protein,GCF_043357095.1,Primary Assembly,unplaced scaffold,,NZ_JBFBPI010000031.1,2375,3541,-,,,,SUMF1/EgtB/PvdO family nonheme iron enzyme,,,ABXN37_RS13075,1167,,partial;pseudo,tetrapyrrole_biosynthesis_II
CDS,with_protein,GCF_043357095.1,Primary Assembly,unplaced scaffold,,NZ_JBFBPI010000032.1,19757,20329,+,WP_393938385.1,WP_393938385.1,,hemerythrin domain-containing protein,,,ABXN37_RS13270,573,190.0,,tetrapyrrole_biosynthesis_II
CDS,with_protein,GCF_043357095.1,Primary Assembly,unplaced scaffold,,NZ_JBFBPI010000037.1,82070,82795,-,WP_054020611.1,WP_054020611.1,,hemerythrin domain-containing protein,,,ABXN37_RS15865,726,241.0,,tetrapyrrole_biosynthesis_II
CDS,with_protein,GCF_043357095.1,Primary Assembly,unplaced scaffold,,NZ_JBFBPI010000039.1,22964,24049,-,WP_393938688.1,WP_393938688.1,,MbnH family di-heme enzyme,,,ABXN37_RS16685,1086,361.0,,tetrapyrrole_biosynthesis_II
CDS,without_protein,GCF_043357095.1,Primary Assembly,unplaced scaffold,,NZ_JBFBPI010000039.1,61018,61625,+,,,,heme exporter protein CcmB,,,ABXN37_RS16925,608,,pseudo,tetrapyrrole_biosynthesis_II
CDS,with_protein,GCF_043357095.1,Primary Assembly,unplaced scaffold,,NZ_JBFBPI010000039.1,61640,62377,+,WP_054020898.1,WP_054020898.1,,heme ABC transporter permease CcmC,ccmC,,ABXN37_RS16930,738,245.0,,tetrapyrrole_biosynthesis_II
CDS,with_protein,GCF_043357095.1,Primary Assembly,unplaced scaffold,,NZ_JBFBPI010000039.1,62374,62556,+,WP_054020800.1,WP_054020800.1,,heme exporter protein CcmD,ccmD,,ABXN37_RS16935,183,60.0,,tetrapyrrole_biosynthesis_II
CDS,with_protein,GCF_043357095.1,Primary Assembly,unplaced scaffold,,NZ_JBFBPI010000039.1,63031,65010,+,WP_054020802.1,WP_054020802.1,,heme lyase CcmF/NrfE family subunit,,,ABXN37_RS16945,1980,659.0,,tetrapyrrole_biosynthesis_II
CDS,with_protein,GCF_043357095.1,Primary Assembly,unplaced scaffold,,NZ_JBFBPI010000041.1,17882,18388,-,WP_393938806.1,WP_393938806.1,,heme-dependent oxidative N-demethylase subunit alpha family protein,,,ABXN37_RS17905,507,168.0,,tetrapyrrole_biosynthesis_II
CDS,with_protein,GCF_043357095.1,Primary Assembly,unplaced scaffold,,NZ_JBFBPI010000045.1,60762,61580,+,WP_393938954.1,WP_393938954.1,,hydroxymethylbilane synthase,hemC,,ABXN37_RS19495,819,272.0,,tetrapyrrole_biosynthesis_II
CDS,without_protein,GCF_043357095.1,Primary Assembly,unplaced scaffold,,NZ_JBFBPI010000045.1,61586,61759,+,,,,uroporphyrinogen-III synthase,,,ABXN37_RS19500,174,,partial;pseudo,tetrapyrrole_biosynthesis_II
CDS,with_protein,GCF_043357095.1,Primary Assembly,unplaced scaffold,,NZ_JBFBPI010000045.1,62706,63050,+,WP_393938957.1,WP_393938957.1,,uroporphyrinogen-III C-methyltransferase,,,ABXN37_RS19510,345,114.0,,tetrapyrrole_biosynthesis_II
CDS,without_protein,GCF_043357095.1,Primary Assembly,unplaced scaffold,,NZ_JBFBPI010000045.1,63185,63343,+,,,,heme biosynthesis HemY N-terminal domain-containing protein,,,ABXN37_RS19515,159,,partial;pseudo,tetrapyrrole_biosynthesis_II
CDS,with_protein,GCF_043357095.1,Primary Assembly,unplaced scaffold,,NZ_JBFBPI010000045.1,63591,64109,+,WP_393938958.1,WP_393938958.1,,heme biosynthesis protein HemY,,,ABXN37_RS19520,519,172.0,,tetrapyrrole_biosynthesis_II
CDS,with_protein,GCF_043357095.1,Primary Assembly,unplaced scaffold,,NZ_JBFBPI010000051.1,14883,15890,+,WP_054021524.1,WP_054021524.1,,porphobilinogen synthase,hemB,,ABXN37_RS20770,1008,335.0,,tetrapyrrole_biosynthesis_II
CDS,with_protein,GCF_043357095.1,Primary Assembly,unplaced scaffold,,NZ_JBFBPI010000052.1,11137,12231,-,WP_054021541.1,WP_054021541.1,,uroporphyrinogen decarboxylase,hemE,,ABXN37_RS20995,1095,364.0,,tetrapyrrole_biosynthesis_II
CDS,without_protein,GCF_043357095.1,Primary Assembly,unplaced scaffold,,NZ_JBFBPI010000052.1,37411,37650,+,,,,SUMF1/EgtB/PvdO family nonheme iron enzyme,,,ABXN37_RS21165,240,,partial;pseudo,tetrapyrrole_biosynthesis_II
CDS,without_protein,GCF_043357095.1,Primary Assembly,unplaced scaffold,,NZ_JBFBPI010000065.1,6712,7218,-,,,,cobalt chelatase,,,ABXN37_RS22820,507,,partial;pseudo,tetrapyrrole_biosynthesis_II
CDS,without_protein,GCF_043357095.1,Primary Assembly,unplaced scaffold,,NZ_JBFBPI010000065.1,69799,70956,-,,,,radical SAM family heme chaperone HemW,hemW,,ABXN37_RS23165,1158,,partial;pseudo,tetrapyrrole_biosynthesis_II
CDS,with_protein,GCF_043357095.1,Primary Assembly,unplaced scaffold,,NZ_JBFBPI010000007.1,87754,89526,-,WP_393937198.1,WP_393937198.1,,magnesium-protoporphyrin IX monomethyl ester (oxidative) cyclase,acsF,,ABXN37_RS04320,1773,590.0,,tetrapyrrole_biosynthesis_II
CDS,with_protein,GCF_043357095.1,Primary Assembly,unplaced scaffold,,NZ_JBFBPI010000007.1,93568,94893,-,WP_393937316.1,WP_393937316.1,,cobaltochelatase subunit CobN,,,ABXN37_RS04360,1326,441.0,,tetrapyrrole_biosynthesis_II
CDS,with_protein,GCF_043357095.1,Primary Assembly,unplaced scaffold,,NZ_JBFBPI010000007.1,94962,95789,-,WP_393937318.1,WP_393937318.1,,cobaltochelatase subunit CobN,,,ABXN37_RS04365,828,275.0,,tetrapyrrole_biosynthesis_II
CDS,without_protein,GCF_043357095.1,Primary Assembly,unplaced scaffold,,NZ_JBFBPI010000007.1,207983,208348,+,,,,hemerythrin domain-containing protein,,,ABXN37_RS05005,366,,partial;pseudo,tetrapyrrole_biosynthesis_II
CDS,with_protein,GCF_043357095.1,Primary Assembly,unplaced scaffold,,NZ_JBFBPI010000008.1,32305,32652,+,WP_393937403.1,WP_393937403.1,,sirohydrochlorin chelatase,,,ABXN37_RS05380,348,115.0,,tetrapyrrole_biosynthesis_II
CDS,without_protein,GCF_043357095.1,Primary Assembly,unplaced scaffold,,NZ_JBFBPI010000008.1,55507,56463,+,,,,ferrochelatase,hemH,,ABXN37_RS05500,957,,partial;pseudo,tetrapyrrole_biosynthesis_II
CDS,with_protein,GCF_043357095.1,Primary Assembly,unplaced scaffold,,NZ_JBFBPI010000008.1,107374,107781,-,WP_054018766.1,WP_054018766.1,,heme-binding protein,,,ABXN37_RS05745,408,135.0,,tetrapyrrole_biosynthesis_II
CDS,with_protein,GCF_043357095.1,Primary Assembly,unplaced scaffold,,NZ_JBFBPI010000082.1,12561,12770,-,WP_054022466.1,WP_054022466.1,,hemin uptake protein HemP,hemP,,ABXN37_RS26135,210,69.0,,tetrapyrrole_biosynthesis_II
CDS,with_protein,GCF_043357095.1,Primary Assembly,unplaced scaffold,,NZ_JBFBPI010000082.1,24028,25671,-,WP_054022476.1,WP_054022476.1,,magnesium-protoporphyrin IX monomethyl ester anaerobic oxidative cyclase,bchE,,ABXN37_RS26205,1644,547.0,,tetrapyrrole_biosynthesis_II
CDS,with_protein,GCF_043357095.1,Primary Assembly,unplaced scaffold,,NZ_JBFBPI010000085.1,51768,52274,+,WP_054022604.1,WP_054022604.1,,hemerythrin domain-containing protein,,,ABXN37_RS26985,507,168.0,,tetrapyrrole_biosynthesis_II
CDS,with_protein,GCF_043357095.1,Primary Assembly,unplaced scaffold,,NZ_JBFBPI010000011.1,72116,73045,-,WP_054018996.1,WP_054018996.1,,polyprenyl synthetase family protein,,,ABXN37_RS06745,930,309.0,,carotenoid_biosynthesis_II
CDS,without_protein,GCF_043357095.1,Primary Assembly,unplaced scaffold,,NZ_JBFBPI010000024.1,79055,79737,-,,,,squalene synthase HpnC,hpnC,,ABXN37_RS10570,683,,partial;pseudo,carotenoid_biosynthesis_II
CDS,with_protein,GCF_043357095.1,Primary Assembly,unplaced scaffold,,NZ_JBFBPI010000031.1,9503,10399,-,WP_054020113.1,WP_054020113.1,,polyprenyl synthetase family protein,,,ABXN37_RS13100,897,298.0,,carotenoid_biosynthesis_II
CDS,with_protein,GCF_043357095.1,Primary Assembly,unplaced scaffold,,NZ_JBFBPI010000007.1,104740,105579,+,WP_393937216.1,WP_393937216.1,,lycopene cyclase family protein,,,ABXN37_RS04425,840,279.0,,carotenoid_biosynthesis_II
CDS,without_protein,GCF_043357095.1,Primary Assembly,unplaced scaffold,,NZ_JBFBPI010000007.1,108165,108878,+,,,,phytoene desaturase family protein,crtI,,ABXN37_RS04450,714,,partial;pseudo,carotenoid_biosynthesis_II
CDS,with_protein,GCF_043357095.1,Primary Assembly,unplaced scaffold,,NZ_JBFBPI010000007.1,108974,109693,+,WP_393937221.1,WP_393937221.1,,phytoene desaturase family protein,crtI,,ABXN37_RS04455,720,239.0,,carotenoid_biosynthesis_II
CDS,without_protein,GCF_043357095.1,Primary Assembly,unplaced scaffold,,NZ_JBFBPI010000007.1,109800,110012,+,,,,phytoene/squalene synthase family protein,,,ABXN37_RS04460,213,,partial;pseudo,carotenoid_biosynthesis_II
CDS,with_protein,GCF_043357095.1,Primary Assembly,unplaced scaffold,,NZ_JBFBPI010000007.1,112269,112745,+,WP_393937223.1,WP_393937223.1,,polyprenyl synthetase family protein,,,ABXN37_RS04480,477,158.0,,carotenoid_biosynthesis_II
CDS,with_protein,GCF_043357095.1,Primary Assembly,unplaced scaffold,,NZ_JBFBPI010000007.1,112797,113132,+,WP_393937322.1,WP_393937322.1,,polyprenyl synthetase family protein,,,ABXN37_RS04485,336,111.0,,carotenoid_biosynthesis_II
CDS,with_protein,GCF_043357095.1,Primary Assembly,unplaced scaffold,,NZ_JBFBPI010000007.1,99741,100229,-,WP_054018522.1,WP_054018522.1,,2-vinyl bacteriochlorophyllide hydratase,bchF,,ABXN37_RS04395,489,162.0,,bacteriochlorophyll_biosynthesis_II
CDS,with_protein,GCF_043357095.1,Primary Assembly,unplaced scaffold,,NZ_JBFBPI010000007.1,102868,103761,+,WP_197284553.1,WP_197284553.1,,chlorophyll synthase ChlG,chlG,,ABXN37_RS04410,894,297.0,,bacteriochlorophyll_biosynthesis_II
CDS,without_protein,GCF_043357095.1,Primary Assembly,unplaced scaffold,,NZ_JBFBPI010000007.1,113990,114208,+,,,,chlorophyll synthesis pathway protein BchC,,,ABXN37_RS04500,219,,partial;pseudo,bacteriochlorophyll_biosynthesis_II
CDS,with_protein,GCF_043357095.1,Primary Assembly,unplaced scaffold,,NZ_JBFBPI010000007.1,114919,115920,+,WP_054018537.1,WP_054018537.1,,chlorophyllide a reductase iron protein subunit X,,,ABXN37_RS04510,1002,333.0,,bacteriochlorophyll_biosynthesis_II
CDS,with_protein,GCF_043357095.1,Primary Assembly,unplaced scaffold,,NZ_JBFBPI010000007.1,115958,117346,+,WP_393937228.1,WP_393937228.1,,chlorophyllide a reductase subunit Y,bchY,,ABXN37_RS04515,1389,462.0,,bacteriochlorophyll_biosynthesis_II
CDS,with_protein,GCF_043357095.1,Primary Assembly,unplaced scaffold,,NZ_JBFBPI010000007.1,117343,118797,+,WP_054018539.1,WP_054018539.1,,chlorophyllide a reductase subunit Z,bchZ,,ABXN37_RS04520,1455,484.0,,bacteriochlorophyll_biosynthesis_II
CDS,with_protein,GCF_043357095.1,Primary Assembly,unplaced scaffold,,NZ_JBFBPI010000007.1,89612,90304,-,WP_393937202.1,WP_393937202.1,,photosynthetic complex putative assembly protein PuhB,puhB,,ABXN37_RS04330,693,230.0,,reaction_center_I
CDS,without_protein,GCF_043357095.1,Primary Assembly,unplaced scaffold,,NZ_JBFBPI010000007.1,90766,90939,-,,,,photosynthetic reaction center subunit H,,,ABXN37_RS04340,174,,partial;pseudo,reaction_center_I
CDS,with_protein,GCF_043357095.1,Primary Assembly,unplaced scaffold,,NZ_JBFBPI010000007.1,119535,120359,+,WP_054018543.1,WP_054018543.1,,photosynthetic reaction center subunit L,pufL,,ABXN37_RS04540,825,274.0,,reaction_center_I
CDS,with_protein,GCF_043357095.1,Primary Assembly,unplaced scaffold,,NZ_JBFBPI010000007.1,120373,121350,+,WP_054018544.1,WP_054018544.1,,photosynthetic reaction center subunit M,pufM,,ABXN37_RS04545,978,325.0,,reaction_center_I
CDS,with_protein,GCF_043357095.1,Primary Assembly,unplaced scaffold,,NZ_JBFBPI010000007.1,91102,91248,-,WP_393937314.1,WP_393937314.1,,PucC family protein,,,ABXN37_RS04345,147,48.0,,antenna_assembly_accessory_II
CDS,without_protein,GCF_043357095.1,Primary Assembly,unplaced scaffold,,NZ_JBFBPI010000007.1,91365,92660,-,,,,PucC family protein,,,ABXN37_RS04350,1296,,partial;pseudo,antenna_assembly_accessory_II
CDS,with_protein,GCF_043357095.1,Primary Assembly,unplaced scaffold,,NZ_JBFBPI010000007.1,103758,104054,+,WP_393937212.1,WP_393937212.1,,PucC family protein,,,ABXN37_RS04415,297,98.0,,antenna_assembly_accessory_II
CDS,with_protein,GCF_043357095.1,Primary Assembly,unplaced scaffold,,NZ_JBFBPI010000007.1,103970,104755,+,WP_393937214.1,WP_393937214.1,,PucC family protein,,,ABXN37_RS04420,786,261.0,,antenna_assembly_accessory_II
CDS,with_protein,GCF_043357095.1,Primary Assembly,unplaced scaffold,,NZ_JBFBPI010000007.1,118882,119031,+,WP_054018540.1,WP_054018540.1,,"light-harvesting antenna LH1, beta subunit",pufB,,ABXN37_RS04525,150,49.0,,light_harvesting_I
CDS,with_protein,GCF_043357095.1,Primary Assembly,unplaced scaffold,,NZ_JBFBPI010000007.1,119247,119429,+,WP_054018542.1,WP_054018542.1,,"light-harvesting antenna LH1, alpha subunit",pufA,,ABXN37_RS04535,183,60.0,,light_harvesting_I
